model,n_trials,temperature,mean_accuracy,std_accuracy,min_accuracy,max_accuracy,per_trial_correct,per_trial_accuracy
gpt-oss-20b,5,0.1,0.7951219512195122,0.036503974505111614,0.7317073170731707,0.8292682926829268,"[25, 24, 25, 22, 24]","[0.8293, 0.7805, 0.8293, 0.7317, 0.8049]"
gpt-oss-120b,5,0.1,0.8585365853658538,0.018251987252555828,0.8292682926829268,0.8780487804878049,"[26, 27, 26, 25, 27]","[0.8537, 0.878, 0.8537, 0.8293, 0.878]"
qwen3-32b,5,0.1,0.9073170731707318,0.018251987252555828,0.8780487804878049,0.926829268292683,"[27, 27, 28, 28, 27]","[0.9024, 0.878, 0.9268, 0.9268, 0.9024]"
llama-3.3-70b,5,0.1,0.8341463414634147,0.009756097560975618,0.8292682926829268,0.8536585365853658,"[25, 25, 25, 26, 25]","[0.8293, 0.8293, 0.8293, 0.8537, 0.8293]"
