effect_size_w,power,n,alpha
0.1,0.07556108374001008,22,0.05
0.2,0.15529612343624843,22,0.05
0.3,0.2905665735969218,22,0.05
0.5,0.6499799805534566,22,0.05
0.8,0.9634630368557843,22,0.05
