{
  "large_correct": 111,
  "large_total": 124,
  "small_correct": 62,
  "small_total": 124,
  "odds_ratio": 8.538461538461538,
  "p_value": 8.295703334088531e-12
}