error_type,count,pct
no_error_text,70,90.9090909090909
other,3,3.896103896103896
time_interval,2,2.5974025974025974
age_threshold,1,1.2987012987012987
missing_logic,1,1.2987012987012987
