model,accuracy_mean,accuracy_std,completeness_mean,completeness_std,conciseness_mean,conciseness_std,clinical_utility_mean,clinical_utility_std,overall_quality_mean,overall_quality_std
gpt-oss-120b,2.7,0.9037736014561808,4.141666666666667,0.5694731950565848,3.6416666666666666,0.9855752347828992,3.5416666666666665,0.8782701995498691,3.441666666666667,0.8579419710972929
gpt-oss-20b,2.625,0.9172712546579931,3.925,0.6372538246058552,3.9166666666666665,0.7841211248113077,3.466666666666667,0.8494519571176351,3.35,0.8565123731611537
medgemma-4b,2.375,0.8102546544402055,2.966666666666667,0.7439767473249578,3.35,1.2343133361366172,2.6166666666666667,0.8419997538207322,2.5083333333333333,0.9166603004617233
qwen3-32b,2.5,0.8981774262781437,3.825,0.6171566680683086,3.7,0.7053219063637812,3.4166666666666665,0.9128709291752768,3.2916666666666665,0.9018732450516848
