dimension,gwet_ac2,ac2_ci_low,ac2_ci_high,friedman_chi2,friedman_p,kendall_w
accuracy,0.70754,0.6634,0.75167,5.758064516129003,0.1239928850762917,0.04798387096774169
completeness,0.87429,0.85085,0.89773,89.30252100840335,3.092857332884458e-19,0.7441876750700279
conciseness,0.65369,0.61203,0.69534,15.056074766355117,0.0017693508240172343,0.12546728971962598
clinical_utility,0.75751,0.72011,0.79491,51.697674418604564,3.474062803868941e-11,0.43081395348837137
overall_quality,0.76973,0.72905,0.81041,48.11079545454543,2.016953299471235e-10,0.40092329545454525
